Date,CSI300
2022-01-04,0.0
2022-01-05,-0.010096039465042228
2022-01-06,-0.020240881537770372
2022-01-07,-0.01939903655518671
2022-01-10,-0.01499053432755093
2022-01-11,-0.024401303843001987
2022-01-12,-0.014679417703552744
2022-01-13,-0.03087781657133215
2022-01-14,-0.03884687571805934
2022-01-17,-0.030601268461111553
2022-01-18,-0.02123320122738559
2022-01-19,-0.027937459458250435
2022-01-20,-0.01916722416867811
2022-01-21,-0.028155037750850487
2022-01-24,-0.02664419035457144
2022-01-25,-0.04866433363089384
2022-01-26,-0.041779099063193326
2022-01-27,-0.06057420334826569
2022-01-28,-0.07198384633685595
2022-02-07,-0.05768468228485679
2022-02-08,-0.06283335739573015
2022-02-09,-0.05403058703436725
2022-02-10,-0.056511386258405905
2022-02-11,-0.064332004140088
2022-02-14,-0.07444024425705165
2022-02-15,-0.06459635159838706
2022-02-16,-0.06095852388379297
2022-02-17,-0.05868716918440686
2022-02-18,-0.05419732927729448
2022-02-21,-0.05763994656114457
2022-02-22,-0.06987313355443636
2022-02-23,-0.05992960223841304
2022-02-24,-0.07898905398178457
2022-02-25,-0.07002157481948124
2022-02-28,-0.06834805206424877
2022-03-01,-0.060612838746017195
2022-03-02,-0.06896825187025823
2022-03-03,-0.07445244490897307
2022-03-04,-0.08567704467675397
2022-03-07,-0.11488743881881436
2022-03-08,-0.13265768834248048
2022-03-09,-0.14059624585940378
2022-03-10,-0.12707589008839382
2022-03-11,-0.1242941414502915
2022-03-14,-0.1510867730699077
2022-03-15,-0.1899153478100848
2022-03-16,-0.15488524270146842
2022-03-17,-0.1382882892042533
2022-03-18,-0.13255398280114783
2022-03-21,-0.13400789382179323
2022-03-22,-0.13470943130727953
2022-03-23,-0.130394467411042
2022-03-24,-0.1355207746600593
2022-03-25,-0.1511254084676592
2022-03-28,-0.15643269205351207
2022-03-29,-0.15934661442076392
2022-03-30,-0.13495344434570955
2022-03-31,-0.14135878660449752
2022-04-01,-0.1304676713225711
2022-04-06,-0.1329728718504526
2022-04-07,-0.14410393328683535
2022-04-08,-0.13969746450118647
2022-04-11,-0.16627455127018964
2022-04-12,-0.1500273497947241
2022-04-13,-0.15820788690809062
2022-04-14,-0.14766855708990068
2022-04-15,-0.14824198773021113
2022-04-18,-0.15279079745494406
2022-04-19,-0.15919207282975834
2022-04-20,-0.17222846940788206
2022-04-21,-0.18747115054181074
2022-04-22,-0.18392889460060158
2022-04-25,-0.2242601829691101
2022-04-26,-0.230521150846827
2022-04-27,-0.20786454022859968
2022-04-28,-0.20266502906805328
2022-04-29,-0.18332089544651342
2022-05-05,-0.18454706096462425
2022-05-06,-0.20516412926997407
2022-05-09,-0.21154507022491909
2022-05-10,-0.20291717587443103
2022-05-11,-0.19141806143841622
2022-05-12,-0.19501318687128533
2022-05-13,-0.1889413290983516
2022-05-16,-0.19546054410840696
2022-05-17,-0.1854255079029724
2022-05-18,-0.18826825980068207
2022-05-19,-0.18670454291274308
2022-05-20,-0.17084369541479172
2022-05-23,-0.1756466853878893
2022-05-24,-0.1949298157498216
2022-05-25,-0.1900434546552605
2022-05-26,-0.18803848085616048
2022-05-27,-0.1863588577749672
2022-05-30,-0.18072215658723367
2022-05-31,-0.16801314416900348
2022-06-01,-0.16970903478609223
2022-06-02,-0.1684096653564523
2022-06-06,-0.1528497672725646
2022-06-07,-0.15019815892162514
2022-06-08,-0.14192611691884738
2022-06-09,-0.15090172984909833
2022-06-10,-0.13802597518794102
2022-06-13,-0.148119981210996
2022-06-14,-0.14141775642211818
2022-06-15,-0.1300487822732661
2022-06-16,-0.13577495490842395
2022-06-17,-0.12378171406958849
2022-06-20,-0.11943218165957337
2022-06-21,-0.12042043446521511
2022-06-22,-0.13159419818332307
2022-06-23,-0.11669720218717028
2022-06-24,-0.10634901591575041
2022-06-27,-0.09628551152249909
2022-06-28,-0.08687880889102173
2022-06-29,-0.1009420936725387
2022-06-30,-0.087999235425813
2022-07-01,-0.0917184008198838
2022-07-04,-0.08575838235623068
2022-07-05,-0.08707808620573965
2022-07-06,-0.10041136531395334
2022-07-07,-0.0964461534394655
2022-07-08,-0.09943327971824645
2022-07-11,-0.1145132854932216
2022-07-12,-0.12285039763958061
2022-07-13,-0.12125617912183784
2022-07-14,-0.12113213916063592
2022-07-15,-0.13608607153242236
2022-07-18,-0.12712672613806664
2022-07-19,-0.13185447875764833
2022-07-20,-0.12891412164456661
2022-07-21,-0.13862177369010753
2022-07-22,-0.13818051677894672
2022-07-25,-0.1433840948234667
2022-07-26,-0.1366045992390862
2022-07-27,-0.14086262675968997
2022-07-28,-0.14073451991451413
2022-07-29,-0.15203435703581092
2022-08-01,-0.14825622182411946
2022-08-02,-0.16486130908928232
2022-08-03,-0.17300321080489744
2022-08-04,-0.16597563529811288
2022-08-05,-0.1547164670165544
2022-08-08,-0.1565140297329889
2022-08-09,-0.1548425404197432
2022-08-10,-0.16430821286884112
2022-08-11,-0.14726796901847794
2022-08-12,-0.1477539616533512
2022-08-15,-0.14886625442019452
2022-08-16,-0.1504604729379374
2022-08-17,-0.14250564788511877
2022-08-18,-0.15000091504889412
2022-08-19,-0.15590399713691383
2022-08-22,-0.14973656759059506
2022-08-23,-0.15386852170801002
2022-08-24,-0.1698635763770978
2022-08-25,-0.16298647557734514
2022-08-26,-0.16475353666397574
2022-08-29,-0.16841983256638693
2022-08-30,-0.17121174841442366
2022-08-31,-0.17059154860841397
2022-09-01,-0.17772892998249223
2022-09-02,-0.1818222487021557
2022-09-05,-0.18348560424745375
2022-09-06,-0.17599237052566508
2022-09-07,-0.17544334118919758
2022-09-08,-0.17896119582656378
2022-09-09,-0.1675515528379734
2022-09-13,-0.1640296313166335
2022-09-14,-0.17333262840677788
2022-09-15,-0.18110851056474797
2022-09-16,-0.20031233668919057
2022-09-19,-0.2012639875390676
2022-09-20,-0.20027980161739978
2022-09-21,-0.20619915124131472
2022-09-22,-0.2131921582343217
2022-09-23,-0.21590070296089492
2022-09-26,-0.21983337976359218
2022-09-27,-0.20852337543236066
2022-09-28,-0.22145403302716482
2022-09-29,-0.22177328341911084
2022-09-30,-0.2262976918400007
2022-10-10,-0.24336843732016755
2022-10-11,-0.24199586397899864
2022-10-12,-0.2304825154490756
2022-10-13,-0.23691632589568046
2022-10-14,-0.21865601685316727
2022-10-17,-0.21785484071032202
2022-10-18,-0.21951006248767235
2022-10-19,-0.23206453331489685
2022-10-20,-0.23645676800663729
2022-10-21,-0.23890503215888514
2022-10-24,-0.2611752887995983
2022-10-25,-0.26237908645585306
2022-10-26,-0.25639059980438295
2022-10-27,-0.26162874636268074
2022-10-28,-0.27989108884718084
2022-10-31,-0.2865262100504905
2022-11-01,-0.26101261344064486
2022-11-02,-0.2521386726097399
2022-11-03,-0.25822069759260813
2022-11-04,-0.23396783501465102
2022-11-07,-0.23231464667928758
2022-11-08,-0.2375954955193107
2022-11-09,-0.24472474312544112
2022-11-10,-0.2505363203240494
2022-11-11,-0.22964270390847885
2022-11-14,-0.22850804327977936
2022-11-15,-0.21387742818391275
2022-11-16,-0.22029903797859607
2022-11-17,-0.22349764222401625
2022-11-18,-0.22697279457965702
2022-11-21,-0.2335692803852153
2022-11-22,-0.23347980893779097
2022-11-23,-0.2326745659109719
2022-11-24,-0.2360744809130969
2022-11-25,-0.23221704146391553
2022-11-28,-0.24086730367625986
2022-11-29,-0.21744611887095178
2022-11-30,-0.21650666867299617
2022-12-01,-0.20802111526159217
2022-12-02,-0.21286477407442816
2022-12-05,-0.19742484906776858
2022-12-06,-0.1930895507516619
2022-12-07,-0.19507419013089267
2022-12-08,-0.1949237154238609
2022-12-09,-0.18698109102296379
2022-12-12,-0.19609091112435117
2022-12-13,-0.1976688621061986
2022-12-14,-0.19579606203624822
2022-12-15,-0.19638576021245413
2022-12-16,-0.19593026920738477
2022-12-19,-0.2083362987695644
2022-12-20,-0.22139099632557036
2022-12-21,-0.22108191314355907
2022-12-22,-0.2199655534927416
2022-12-23,-0.22155367168452378
2022-12-26,-0.21844860577050174
2022-12-27,-0.20942825711653867
2022-12-28,-0.2128017373728337
2022-12-29,-0.21576242890578468
2022-12-30,-0.2127265000193177
2023-01-03,-0.20941808990660404
2023-01-04,-0.20839120170321113
2023-01-05,-0.1930122799561591
2023-01-06,-0.1905091128702645
2023-01-09,-0.18395532934643155
2023-01-10,-0.18307078208212268
2023-01-11,-0.18458366292038875
2023-01-12,-0.18298944440264597
2023-01-13,-0.1714984637345789
2023-01-16,-0.15856983958176174
2023-01-17,-0.15871624740481982
2023-01-18,-0.160125422701753
2023-01-19,-0.15489947679537674
2023-01-20,-0.1497101328447651
2023-01-30,-0.14567985082669588
2023-01-31,-0.15472663422648902
2023-02-01,-0.1467819763836048
2023-02-02,-0.149787403640268
2023-02-03,-0.15782356637256323
2023-02-06,-0.1689566612509329
2023-02-07,-0.16746208139054908
2023-02-08,-0.17114057794488158
2023-02-09,-0.16001358339247274
2023-02-10,-0.16500568347035338
2023-02-13,-0.15742907862710143
2023-02-14,-0.15707932660535173
2023-02-15,-0.16147156129709217
2023-02-16,-0.16761255609758097
2023-02-17,-0.17960579693641632
2023-02-20,-0.15947878814991356
2023-02-21,-0.1572704701521218
2023-02-22,-0.16487554318319086
2023-02-23,-0.1655465790388735
2023-02-24,-0.17420904190313902
2023-02-27,-0.17770859556262297
2023-02-28,-0.17249891719214205
2023-03-01,-0.16081069265134418
2023-03-02,-0.16268145927930766
2023-03-03,-0.1600766200940671
2023-03-06,-0.16445665413388588
2023-03-07,-0.17668984112717767
2023-03-08,-0.17968713461589303
2023-03-09,-0.18258682288923644
2023-03-10,-0.19330509560227516
2023-03-13,-0.18485614414663565
2023-03-14,-0.18973437147324912
2023-03-15,-0.18928701423612737
2023-03-16,-0.1989966997236553
2023-03-17,-0.19499691933538987
2023-03-20,-0.19901093381756374
2023-03-21,-0.19020613001421383
2023-03-22,-0.18673707798453365
2023-03-23,-0.17867448050640844
2023-03-24,-0.1811227446586563
2023-03-27,-0.18408546963359418
2023-03-28,-0.1867228438906252
2023-03-29,-0.18537467185329948
2023-03-30,-0.17878835325767573
2023-03-31,-0.176266885193899
2023-04-03,-0.16820632115776057
2023-04-04,-0.16565638490616696
2023-04-06,-0.16697202187170201
2023-04-07,-0.16155493241855567
2023-04-10,-0.16531069976839097
2023-04-11,-0.1662582837342943
2023-04-12,-0.16683984814255248
2023-04-13,-0.172596522407514
2023-04-14,-0.16791553895363154
2023-04-17,-0.1562476488327027
2023-04-18,-0.15367534471925293
2023-04-19,-0.1612946518442302
2023-04-20,-0.1636412438971322
2023-04-21,-0.18000028468187823
2023-04-24,-0.190153260522554
2023-04-25,-0.19421404417042687
2023-04-26,-0.19491354821392626
2023-04-27,-0.1889779310541161
2023-04-28,-0.18070792249332523
2023-05-04,-0.18047204322284294
2023-05-05,-0.18319075515935068
2023-05-08,-0.1738816577432455
2023-05-09,-0.18095396897374216
2023-05-10,-0.1872596725751714
2023-05-11,-0.18852244004904672
2023-05-12,-0.19927934815983672
2023-05-15,-0.18684891729381414
2023-05-16,-0.1910540753227582
2023-05-17,-0.19472240466715607
2023-05-18,-0.195556115881792
2023-05-19,-0.1979006744927071
2023-05-22,-0.1928597718071403
2023-05-23,-0.2042755151216914
2023-05-24,-0.21527643627091142
2023-05-25,-0.217023162937673
2023-05-26,-0.21693165804826187
2023-05-29,-0.2203905428680073
2023-05-30,-0.21961580147099202
2023-05-31,-0.2275889275016929
2023-06-01,-0.22589507032659117
2023-06-02,-0.2147192731664963
2023-06-05,-0.21829406417949604
2023-06-06,-0.2256327563102789
2023-06-07,-0.2294596941296564
2023-06-08,-0.22318652560001795
2023-06-09,-0.21982931287961827
2023-06-12,-0.21825746222373155
2023-06-13,-0.2140929730345259
2023-06-14,-0.21427394937136146
2023-06-15,-0.2017723480357968
2023-06-16,-0.19407577011531663
2023-06-19,-0.2006722559208748
2023-06-20,-0.20202856172614836
2023-06-21,-0.21427191592937456
2023-06-26,-0.2253196062442938
2023-06-27,-0.21805411802503993
2023-06-28,-0.21899560166498233
2023-06-29,-0.2228510076721767
2023-06-30,-0.21866008373714108
2023-07-03,-0.20840543579711945
2023-07-04,-0.20715893585913947
2023-07-05,-0.21329993065962838
2023-07-06,-0.21859908047753362
2023-07-07,-0.22206609906522679
2023-07-10,-0.2182777966436007
2023-07-11,-0.21316165660451802
2023-07-12,-0.21845877298043637
2023-07-13,-0.20727890893636758
2023-07-14,-0.20714063488125722
2023-07-17,-0.21363341514548262
2023-07-18,-0.21612031469548199
2023-07-19,-0.2169479255841571
2023-07-20,-0.22247482090459703
2023-07-21,-0.22283677357826825
2023-07-24,-0.22623058825443254
2023-07-25,-0.2038830608182165
2023-07-26,-0.205532182269606
2023-07-27,-0.20647976623550923
2023-07-28,-0.18809948411576805
2023-07-31,-0.18364827960640706
2023-08-01,-0.1870298936306497
2023-08-02,-0.192743865613886
2023-08-03,-0.18561055112378178
2023-08-04,-0.18243838162419157
2023-08-07,-0.18862614559037938
2023-08-08,-0.1907449921407468
2023-08-09,-0.19321765759683762
2023-08-10,-0.1915604023775005
2023-08-11,-0.21016029623182875
2023-08-14,-0.21592307082275108
2023-08-15,-0.21782840596449216
2023-08-16,-0.22356474580958452
2023-08-17,-0.22096804039229168
2023-08-18,-0.23054555215066996
2023-08-21,-0.24161561032744527
2023-08-22,-0.23578573215095466
2023-08-23,-0.2483117347903624
2023-08-24,-0.24286211026542526
2023-08-25,-0.24576586542274248
2023-08-28,-0.2369264931056151
2023-08-29,-0.2293031190966638
2023-08-30,-0.2296284698145704
2023-08-31,-0.2343541889921652
2023-09-01,-0.22902250410246927
2023-09-04,-0.2173383464456452
2023-09-05,-0.22316009085418798
2023-09-06,-0.2248458142613421
2023-09-07,-0.23573692954326875
2023-09-08,-0.23949473033509106
2023-09-11,-0.23389259766113513
2023-09-12,-0.23530380640005544
2023-09-13,-0.24017389995872118
2023-09-14,-0.240812400742613
2023-09-15,-0.24584110277625837
2023-09-18,-0.24199179709502483
2023-09-19,-0.24345790876759188
2023-09-20,-0.24646943635021568
2023-09-21,-0.25323063095671416
2023-09-22,-0.2397102751857042
2023-09-25,-0.24465763953987285
2023-09-26,-0.24907224209346923
2023-09-27,-0.24752479274142558
2023-09-28,-0.2497575120430603
2023-10-09,-0.2507315307547934
2023-10-10,-0.2563438306386838
2023-10-11,-0.2542249840883165
2023-10-12,-0.2471425056478852
2023-10-13,-0.25506682907090017
2023-10-16,-0.262551929024741
2023-10-17,-0.25994912328148734
2023-10-18,-0.26580950308778173
2023-10-19,-0.281475140154989
2023-10-20,-0.2861418895149631
2023-10-23,-0.2935334511374059
2023-10-24,-0.29091234441627
2023-10-25,-0.2873883894529432
2023-10-26,-0.28542001760960767
2023-10-27,-0.275608660022734
2023-10-30,-0.27126116105470577
2023-10-31,-0.273550816731974
2023-11-01,-0.2738517661460378
2023-11-02,-0.27727608245200575
2023-11-03,-0.2711859237011899
2023-11-06,-0.26132983039060387
2023-11-07,-0.26394280334379205
2023-11-08,-0.26570986443042277
2023-11-09,-0.26535197864072546
2023-11-10,-0.27070806483426446
2023-11-13,-0.27214774176100154
2023-11-14,-0.27160887963446856
2023-11-15,-0.26648663926942506
2023-11-16,-0.2735813183617778
2023-11-17,-0.2744536649741651
2023-11-20,-0.27277607533495873
2023-11-21,-0.27181019039117327
2023-11-22,-0.27926275527322353
2023-11-23,-0.27578556947559574
2023-11-24,-0.28056619158683715
2023-11-27,-0.2858673748467294
2023-11-28,-0.2845293700193381
2023-11-29,-0.2906723982618139
2023-11-30,-0.2890680125341365
2023-12-01,-0.2917765572607097
2023-12-04,-0.29640060433895865
2023-12-05,-0.3097969201487666
2023-12-06,-0.3087110621277531
2023-12-07,-0.31040288586086784
2023-12-08,-0.3087395303155699
2023-12-11,-0.3046746797837232
2023-12-12,-0.3031800999233393
2023-12-13,-0.3148093546465166
2023-12-14,-0.3183983797534249
2023-12-15,-0.3205151928618053
2023-12-18,-0.32299192520187003
2023-12-19,-0.3220423077939799
2023-12-20,-0.329472504814174
2023-12-21,-0.32268690890383256
2023-12-22,-0.32139363980015334
2023-12-25,-0.31931546208952444
2023-12-26,-0.3239232416318779
2023-12-27,-0.3215705492530151
2023-12-28,-0.30567309979929935
2023-12-29,-0.30230368642697814
2024-01-02,-0.3114053727604179
2024-01-03,-0.3130422935598859
2024-01-04,-0.31939679976900104
2024-01-05,-0.32304479469352987
2024-01-08,-0.33179876244720685
2024-01-09,-0.3304892258076324
2024-01-10,-0.3336146261415235
2024-01-11,-0.32984462469777975
2024-01-12,-0.33218308298273413
2024-01-15,-0.332843951628482
2024-01-16,-0.32878520142259604
2024-01-17,-0.343385314888659
2024-01-18,-0.33410265221838364
2024-01-19,-0.3351092060019074
2024-01-22,-0.34545535883134026
2024-01-23,-0.3428057839223877
2024-01-24,-0.3336186930254974
2024-01-25,-0.3202366113095977
2024-01-26,-0.322087043517692
2024-01-29,-0.32815890129062564
2024-01-30,-0.3401399414775397
2024-01-31,-0.3461772307366958
2024-02-01,-0.3456973384277834
2024-02-02,-0.3534406855139627
2024-02-05,-0.3492131596231626
2024-02-06,-0.3265870506347389
2024-02-07,-0.3200922369285266
2024-02-08,-0.31576100549639374
2024-02-19,-0.30785498305126113
2024-02-20,-0.30642343989247167
2024-02-21,-0.29706553986868045
2024-02-22,-0.29100588274766814
2024-02-23,-0.29038161605768475
2024-02-26,-0.29777927800608817
2024-02-27,-0.2893547278542917
2024-02-28,-0.2984096450220324
2024-02-29,-0.28502552986414587
2024-03-01,-0.28060889386856236
2024-03-04,-0.27998462717857897
2024-03-05,-0.27497422612281586
2024-03-06,-0.27791458323589757
2024-03-07,-0.28225191499399127
2024-03-08,-0.27916311661586457
2024-03-11,-0.2701448014038884
2024-03-12,-0.26847127864865594
2024-03-13,-0.2735813183617778
2024-03-14,-0.2756432285365116
2024-03-15,-0.27406324411267724
2024-03-18,-0.2672430796885581
2024-03-19,-0.27250969443467266
2024-03-20,-0.27093377689481213
2024-03-21,-0.27180612350719946
2024-03-22,-0.2791448156379823
2024-03-25,-0.2830571580208102
2024-03-26,-0.279398995886347
2024-03-27,-0.28772797426475827
2024-03-28,-0.2840332101745304
2024-03-29,-0.28067396401214373
2024-04-01,-0.2688454319742485
2024-04-02,-0.2718894946286631
2024-04-03,-0.27450856790781186
2024-04-08,-0.2808915423047439
2024-04-09,-0.2814853073649236
2024-04-10,-0.2873375534032703
2024-04-11,-0.2874331251766554
2024-04-12,-0.2932081004194991
2024-04-15,-0.2783151713073203
2024-04-16,-0.28603615053164344
2024-04-17,-0.2749965939846719
2024-04-18,-0.2741018795104285
2024-04-19,-0.27982398526161256
2024-04-22,-0.28201196883953505
2024-04-23,-0.2870305036632459
2024-04-24,-0.2838990030033939
2024-04-25,-0.2821380422427239
2024-04-26,-0.2711594889553599
2024-04-29,-0.2630989249192216
2024-04-30,-0.26706820367768325
2024-05-06,-0.25619132248966503
2024-05-07,-0.25596154354514344
2024-05-08,-0.2618158230254771
2024-05-09,-0.25483298324240466
2024-05-10,-0.25448323122065497
2024-05-13,-0.2548065484965747
2024-05-14,-0.25636009817457917
2024-05-15,-0.2626617348920345
2024-05-16,-0.25975391285074334
2024-05-17,-0.2521061375379492
2024-05-20,-0.24946469639694424
2024-05-21,-0.25247419053758113
2024-05-22,-0.25078846713042713
2024-05-23,-0.2594631306466143
2024-05-24,-0.26765993529587606
2024-05-27,-0.26069946337465966
2024-05-28,-0.26609621840793696
2024-05-29,-0.2652116711436282
2024-05-30,-0.2691179132004954
2024-05-31,-0.2720440362196688
2024-06-03,-0.2702485069452212
2024-06-04,-0.2647744811164411
2024-06-05,-0.26902030798512344
2024-06-06,-0.26953680224980026
2024-06-07,-0.2732254660140674
2024-06-11,-0.2795759053392086
2024-06-12,-0.279323758532831
2024-06-13,-0.28298192066729433
2024-06-14,-0.2798504200074424
2024-06-17,-0.2809342445864692
2024-06-18,-0.2790248425607542
2024-06-19,-0.28244915886672217
2024-06-20,-0.2876283356073993
2024-06-21,-0.2891859521693777
2024-06-24,-0.2930108565467682
2024-06-25,-0.2968560953440279
2024-06-26,-0.2923093190612819
2024-06-27,-0.2976247364150826
2024-06-28,-0.29609152115694726
2024-07-01,-0.29273227499456067
2024-07-02,-0.2940316444242005
2024-07-03,-0.29573566880923685
2024-07-04,-0.2993145267062104
2024-07-05,-0.30231385363691277
2024-07-08,-0.308271838658579
2024-07-09,-0.3005345918983605
2024-07-10,-0.30273884301217835
2024-07-11,-0.29476775042346437
2024-07-12,-0.29390760446299846
2024-07-15,-0.29312472929803557
2024-07-16,-0.2886450566008577
2024-07-17,-0.2879740207451752
2024-07-18,-0.28403931050049114
2024-07-19,-0.28036081394615864
2024-07-22,-0.28526140913462816
2024-07-23,-0.3005203578044521
2024-07-24,-0.30493496035804846
2024-07-25,-0.3087781657133214
2024-07-26,-0.3067406568424307
2024-07-29,-0.3105126917281614
2024-07-30,-0.3148561238122157
2024-07-31,-0.30007300056733044
2024-08-01,-0.3047112817394877
2024-08-02,-0.31180392738985363
2024-08-05,-0.320155273630121
2024-08-06,-0.32022441065767615
2024-08-07,-0.32052739351372683
2024-08-08,-0.3202325444256239
2024-08-09,-0.32253236731282675
2024-08-12,-0.32370566333927775
2024-08-13,-0.32197113732443783
2024-08-14,-0.3270852439215336
2024-08-15,-0.3204338551823287
2024-08-16,-0.31968554853114317
2024-08-19,-0.3173796253179796
2024-08-20,-0.3223147890202267
2024-08-21,-0.32456377585775675
2024-08-22,-0.3262922015466361
2024-08-23,-0.32343521555501786
2024-08-26,-0.3240391478251322
2024-08-27,-0.32788031973841814
2024-08-28,-0.3317092909997825
2024-08-29,-0.3335027868322432
2024-08-30,-0.32460647813948196
2024-09-02,-0.3360791578296667
2024-09-03,-0.3343669996766828
2024-09-04,-0.33869213078285487
2024-09-05,-0.33755340327018146
2024-09-06,-0.3429237235576288
2024-09-09,-0.35073214078738946
2024-09-10,-0.3501607435890658
2024-09-11,-0.3521189482224667
2024-09-12,-0.3548966299765952
2024-09-13,-0.3575848402832992
2024-09-18,-0.35519351250668496
2024-09-19,-0.35010380721343215
2024-09-20,-0.34908505277798674
2024-09-23,-0.34670389221130715
2024-09-24,-0.3184085469633595
2024-09-25,-0.3083186078242781
2024-09-26,-0.27907974549440095
2024-09-27,-0.24687815818958603
2024-09-30,-0.1829935112866199
2024-10-08,-0.1345467559483262
2024-10-09,-0.19557441685967425
2024-10-10,-0.18707259591237502
2024-10-11,-0.20956653117164903
2024-10-14,-0.19448449195468687
2024-10-15,-0.21590680328685574
2024-10-16,-0.22086840173493272
2024-10-17,-0.22968743963219107
2024-10-18,-0.20182725096944354
2024-10-21,-0.19979990930848746
2024-10-22,-0.1952083973020292
2024-10-23,-0.1920707963162166
2024-10-24,-0.20109521185415347
2024-10-25,-0.19548494541224992
2024-10-28,-0.1939110613143763
2024-10-29,-0.20194519060468474
2024-10-30,-0.20910290639863205
2024-10-31,-0.20877958912271222
2024-11-01,-0.20898700020537775
2024-11-04,-0.19785593876899488
2024-11-05,-0.177560154297578
2024-11-06,-0.18168600808903224
2024-11-07,-0.15699595548388812
2024-11-08,-0.16546524135939666
2024-11-11,-0.15995868045882589
2024-11-12,-0.1691884736374415
2024-11-13,-0.1640743670403455
2024-11-14,-0.17856670808110187
2024-11-15,-0.19296144390648617
2024-11-18,-0.19671314437234766
2024-11-19,-0.19132248966503118
2024-11-20,-0.18951679318064907
2024-11-21,-0.18879898815926732
2024-11-22,-0.2139323311175595
2024-11-25,-0.21751322245651994
2024-11-26,-0.21912167506817126
2024-11-27,-0.2055260819436453
2024-11-28,-0.21253942335652143
2024-11-29,-0.20358617828812664
2024-12-02,-0.1972723409187498
2024-12-03,-0.19640609463232328
2024-12-04,-0.20074342639041687
2024-12-05,-0.20256742385268123
2024-12-06,-0.19208503041012503
2024-12-09,-0.19342100179552935
2024-12-10,-0.18750978593956213
2024-12-11,-0.18889455993265247
2024-12-12,-0.18082789557055334
2024-12-13,-0.2002106645898447
2024-12-16,-0.2045500297899252
2024-12-17,-0.2024779524052569
2024-12-18,-0.19843953661924008
2024-12-19,-0.19771359782991083
2024-12-20,-0.20131685703072744
2024-12-23,-0.2001313603523549
2024-12-24,-0.18993974911392775
2024-12-25,-0.18954526136846583
2024-12-26,-0.18916907460088628
2024-12-27,-0.19048064468244752
2024-12-30,-0.18681638222202346
2024-12-31,-0.1998588791261081
2025-01-02,-0.22314382331829274
2025-01-03,-0.23234311486710446
2025-01-06,-0.23360181545700598
2025-01-07,-0.22808305390451367
2025-01-08,-0.22948409543349946
2025-01-09,-0.2313833302492797
2025-01-10,-0.24102184526726556
2025-01-13,-0.24304918692822153
2025-01-14,-0.22311535513047587
2025-01-15,-0.228099321440409
2025-01-16,-0.22721477417610014
2025-01-17,-0.22478277755974763
2025-01-20,-0.22125678915443392
2025-01-21,-0.22066099065226719
2025-01-22,-0.2278980106837043
2025-01-23,-0.2265315376684962
2025-01-24,-0.22061015460259426
2025-01-27,-0.22381892605794906
2025-02-05,-0.2282924984291661
2025-02-06,-0.21858281294163828
2025-02-07,-0.20844203775288406
2025-02-10,-0.2067420802518215
2025-02-11,-0.21038600829237653
2025-02-12,-0.20291920931641783
2025-02-13,-0.2059124359211595
2025-02-14,-0.19902516791147207
2025-02-17,-0.1973191100844489
2025-02-18,-0.2043588862431549
2025-02-19,-0.19879132208297678
2025-02-20,-0.20108097776024503
2025-02-21,-0.19100730615705908
2025-02-24,-0.19278046756965062
2025-02-25,-0.20174184640599302
2025-02-26,-0.1947691738328552
2025-02-27,-0.19310581828755724
2025-02-28,-0.20898089987941693
2025-03-03,-0.20930218371334985
2025-03-04,-0.20996305235909785
2025-03-05,-0.206435030511797
2025-03-06,-0.19552154736801453
2025-03-07,-0.19800844691801367
2025-03-10,-0.20110131218011418
2025-03-11,-0.19853510839262511
2025-03-12,-0.2014205625720602
2025-03-13,-0.20460289928158504
2025-03-14,-0.18528926728984896
2025-03-17,-0.18727594011106663
2025-03-18,-0.18505338801936666
2025-03-19,-0.18455519473257198
2025-03-20,-0.19170884364254537
2025-03-21,-0.20396846538166702
2025-03-24,-0.19987107977802954
2025-03-25,-0.20038960748469326
2025-03-26,-0.2030208814157637
2025-03-27,-0.2003672396228373
2025-03-28,-0.20387289360828187
2025-03-31,-0.20953806298383215
2025-04-01,-0.20946282563031626
2025-04-02,-0.21013182804401187
2025-04-03,-0.21478637675206447
2025-04-07,-0.2701081994481239
2025-04-08,-0.25763913318434983
2025-04-09,-0.2503126417054885
2025-04-10,-0.24048501658271948
2025-04-11,-0.23735351592286758
2025-04-14,-0.2356006889301453
2025-04-15,-0.2351756995548796
2025-04-16,-0.23281894029204298
2025-04-17,-0.2329409468112581
2025-04-18,-0.23287994355165054
2025-04-21,-0.2303666092558213
2025-04-22,-0.2305557193606046
2025-04-23,-0.22995992085843786
2025-04-24,-0.23047234823914098
2025-04-25,-0.22993755299658192
2025-04-28,-0.2310295113435562
2025-04-29,-0.2323593824029998
2025-04-30,-0.23327646473909924
2025-05-06,-0.2255554855147761
2025-05-07,-0.2208602679669851
2025-05-08,-0.21653513686081294
2025-05-09,-0.21790567675999495
2025-05-12,-0.20886702712814964
2025-05-13,-0.2077181324055416
2025-05-14,-0.1981711222769671
2025-05-15,-0.20549354687185462
2025-05-16,-0.20917611031016092
2025-05-19,-0.21160404004253963
2025-05-20,-0.2073297449860405
2025-05-21,-0.20362684712786494
2025-05-22,-0.20413724106658104
2025-05-23,-0.21056291774523828
2025-05-26,-0.2150690251882459
2025-05-27,-0.21928028354315066
2025-05-28,-0.2199228512110165
2025-05-29,-0.21535574050840123
2025-05-30,-0.21911150785823663
2025-06-03,-0.2167161131976486
2025-06-04,-0.21331416475353682
2025-06-05,-0.21152066892107613
2025-06-06,-0.21224864115239228
2025-06-09,-0.20995695203313702
2025-06-10,-0.21397910028325862
2025-06-11,-0.20804958344940905
2025-06-12,-0.20854370985222992
2025-06-13,-0.2142414142995709
2025-06-16,-0.21228524310815677
2025-06-17,-0.21298068026768235
2025-06-18,-0.21204733039568757
2025-06-19,-0.21852994344997834
2025-06-20,-0.217808071544623
2025-06-23,-0.21551841586735454
2025-06-24,-0.20613814798170715
2025-06-25,-0.19474273908702522
2025-06-26,-0.19759972507864343
2025-06-27,-0.20253285533890364
2025-06-30,-0.1996209664136388
2025-07-01,-0.19826262716637832
2025-07-02,-0.19807555050358205
2025-07-03,-0.19311598549749176
2025-07-04,-0.19024273196997832
2025-07-07,-0.19370568367369767
2025-07-08,-0.18693838874123847
2025-07-09,-0.18837196534201484
2025-07-10,-0.18458569636237565
2025-07-11,-0.18361167765064257
2025-07-14,-0.18303011324238427
2025-07-15,-0.18274746480620285
2025-07-16,-0.18515912700268633
2025-07-17,-0.17960986382039024
2025-07-18,-0.17471740239986822
2025-07-21,-0.16921490838327136
2025-07-22,-0.16243337935690372
2025-07-23,-0.1622686705559634
2025-07-24,-0.15631678586025788
2025-07-25,-0.16076595692763196
2025-07-28,-0.15900499616696195
2025-07-29,-0.15571082014815651
2025-07-30,-0.15586942862313624
2025-07-31,-0.17125241725416196
2025-08-01,-0.1754535083991322
2025-08-04,-0.17224677038576441
2025-08-05,-0.1655872478786118
2025-08-06,-0.16354567212374727
2025-08-07,-0.16330572596929105
2025-08-08,-0.16527816469660028
2025-08-11,-0.16171150745154816
2025-08-12,-0.1573762091354416
2025-08-13,-0.15071668662828897
2025-08-14,-0.15138162215801065
2025-08-15,-0.14547650662800415
2025-08-18,-0.1379405706244905
2025-08-19,-0.14120221157150503
2025-08-20,-0.13143558970834357
2025-08-21,-0.1280458419161532
2025-08-22,-0.10975909812781004
2025-08-25,-0.0912100403231546
2025-08-26,-0.09459165434739736
2025-08-27,-0.10810590979244661
2025-08-28,-0.09231623276403744
2025-08-29,-0.08560994109118569
2025-09-01,-0.08012981493644489
2025-09-02,-0.08689304298493028
2025-09-03,-0.0931194423488696
2025-09-04,-0.11235987042907669
2025-09-05,-0.09301980369151075
2025-09-08,-0.09154555825099597
2025-09-09,-0.09791226511203255
2025-09-10,-0.09606183290393833
2025-09-11,-0.07518448402426314
2025-09-12,-0.08047753351620768
2025-09-15,-0.07822854667867751
2025-09-16,-0.08020505228996078
2025-09-17,-0.07457648487017488
2025-09-18,-0.085335426422952
2025-09-19,-0.08456068502593661
2025-09-22,-0.08035349355500576
2025-09-23,-0.08092895763730323
2025-09-24,-0.07151615467986516
2025-09-25,-0.06594045675173921
2025-09-26,-0.07477372874290589
2025-09-29,-0.06053963483448799
2025-09-30,-0.05634261057349177
2025-10-09,-0.04235456314549091
2025-10-10,-0.06119440315427527
2025-10-13,-0.06584081809438036
2025-10-14,-0.07700848148652739
2025-10-15,-0.06333765100848565
2025-10-16,-0.060871085878355546
2025-10-17,-0.08205751794004212
2025-10-20,-0.07717929061342843
2025-10-21,-0.06301636717455283
2025-10-22,-0.06612753341453559
2025-10-23,-0.06332748379855102
2025-10-24,-0.05227776004164497
2025-10-27,-0.04102469208604709
2025-10-28,-0.045915120064582204
2025-10-29,-0.03455427968367786
2025-10-30,-0.042267125140053485
2025-10-31,-0.05634667745746558
2025-11-03,-0.05375810580812046
2025-11-04,-0.060814149502721904
2025-11-05,-0.05907352316192094
2025-11-06,-0.04562433786045317
2025-11-07,-0.04859519660333855
2025-11-10,-0.0452888199326118
2025-11-11,-0.054008219172511196
2025-11-12,-0.05528115385632115
2025-11-13,-0.04386134365779626
2025-11-14,-0.05889458026707228
2025-11-17,-0.06501320720570503
2025-11-18,-0.07108506497863887
2025-11-19,-0.0669978465849359
2025-11-20,-0.07174390018239984
2025-11-21,-0.09438424326473194
2025-11-24,-0.09551483700945762
2025-11-25,-0.08690321019486491
2025-11-26,-0.08136614766449024
2025-11-27,-0.08181960522757281
2025-11-28,-0.07952994955030446
2025-12-01,-0.06939730812949785
2025-12-02,-0.07390341557250557
2025-12-03,-0.07863726851804786
2025-12-04,-0.075481366554353
2025-12-05,-0.06776038733002976
2025-12-08,-0.06019394969671221
2025-12-09,-0.06497863869192744
2025-12-10,-0.06627800812156737
2025-12-11,-0.07434060559969258
2025-12-12,-0.06849039300333293
2025-12-15,-0.07436500690353554
2025-12-16,-0.08544929917421928
2025-12-17,-0.06870797129593298
2025-12-18,-0.07421656563849066
2025-12-19,-0.07108709842062566
2025-12-22,-0.06225382642945898
2025-12-23,-0.060401360779377855
2025-12-24,-0.057690782610817504
2025-12-25,-0.0559664238059121
2025-12-26,-0.05297726408514436
2025-12-29,-0.05661102491576475
2025-12-30,-0.054189195509346866
2025-12-31,-0.05852856070942736
