Date,Integer ILP,Maximum Sharpe,Minimum Variance,Equal Weight
2024-12-31,0.0,0.0,0.0,0.0
2025-01-02,-0.011844331641285955,-0.011844331641285955,-0.01556300399047672,-0.022591733959784976
2025-01-03,-0.0186125211505922,-0.0186125211505922,-0.02241927276126332,-0.028176965801409937
2025-01-06,-0.022335025380710638,-0.022335025380710638,-0.02934775279826196,-0.033135685509412816
2025-01-07,-0.02876480541455162,-0.02876480541455162,-0.03441910046636798,-0.036841809556327765
2025-01-08,-0.0186125211505922,-0.01861252115059231,-0.02586199962054414,-0.030338792750868926
2025-01-09,-0.025719120135363815,-0.025719120135363926,-0.03154359657859851,-0.03607712918934225
2025-01-10,-0.023011844331641274,-0.023011844331641385,-0.033204435354115214,-0.04289937422161627
2025-01-13,-0.02504230118443318,-0.025042301184433402,-0.033993247619481304,-0.04373603555339711
2025-01-14,-0.02402707275803717,-0.024027072758037504,-0.028322931895790493,-0.03156600888489269
2025-01-15,-0.025380710659898442,-0.025380710659898775,-0.02948628853018609,-0.030422196889900777
2025-01-16,-0.02402707275803717,-0.024027072758037504,-0.03154713511544027,-0.03209633483738672
2025-01-17,-0.018274111675126936,-0.018274111675127047,-0.02701722427801101,-0.030168079033719875
2025-01-20,-0.019627749576988207,-0.019627749576988318,-0.030018339354828116,-0.03298213039559983
2025-01-21,-0.013197969543147225,-0.013197969543147225,-0.02808578928538441,-0.033739999298795786
2025-01-22,-0.029103214890016882,-0.029103214890016882,-0.04248212230523096,-0.04862130482595217
2025-01-23,-0.035532994923857864,-0.035532994923857864,-0.04482984586288963,-0.04115365493281964
2025-01-24,-0.045685279187817285,-0.045685279187817285,-0.05115390644330453,-0.03995795270027802
2025-01-27,-0.021996615905245376,-0.021996615905245487,-0.03467464403547915,-0.03183435099931897
2025-02-05,-0.040609137055837574,-0.040609137055837574,-0.05601383310492736,-0.05394583415358134
2025-02-06,-0.043316412859560116,-0.043316412859560116,-0.055296629360160665,-0.04888893279902018
2025-02-07,-0.048054145516074454,-0.048054145516074565,-0.054256507417239086,-0.042499480586163374
2025-02-10,-0.05549915397631133,-0.055499153976311444,-0.05996385030582441,-0.04387736875808301
2025-02-11,-0.055837563451776595,-0.05583756345177682,-0.06220361883331316,-0.04665712627766716
2025-02-12,-0.05279187817258879,-0.05279187817258901,-0.055917382261928106,-0.036245009438513165
2025-02-13,-0.04670050761421318,-0.04670050761421318,-0.04763064404640127,-0.029311599619657236
2025-02-14,-0.04534686971235191,-0.04534686971235202,-0.04471989792945252,-0.022794704543510846
2025-02-17,-0.04670050761421318,-0.04670050761421318,-0.04737839374623998,-0.025776409848618065
2025-02-18,-0.0402707275803722,-0.04027072758037231,-0.04368927591169802,-0.02567312878979633
2025-02-19,-0.05008460236886636,-0.05008460236886636,-0.04317020979769648,-0.019340004950244127
2025-02-20,-0.05109983079526226,-0.05109983079526237,-0.04722659160094489,-0.0268318758225925
2025-02-21,-0.05922165820642977,-0.059221658206429884,-0.05222256457921293,-0.02808356950573221
2025-02-24,-0.06768189509306266,-0.06768189509306277,-0.059595445002761704,-0.029791986564769113
2025-02-25,-0.07512690355329954,-0.07512690355329976,-0.06795521579649777,-0.04069324795589335
2025-02-26,-0.06497461928934012,-0.06497461928934045,-0.06006794865598175,-0.03279040595009708
2025-02-27,-0.06869712351945856,-0.06869712351945889,-0.054323832464377775,-0.020547977915589044
2025-02-28,-0.0734348561759729,-0.07343485617597334,-0.05571979532717941,-0.02521148054707323
2025-03-03,-0.08324873096446705,-0.08324873096446739,-0.06550256910665664,-0.03187832355812703
2025-03-04,-0.08121827411167515,-0.08121827411167559,-0.06686918908812611,-0.03666644331224045
2025-03-05,-0.07005076142131983,-0.07005076142132027,-0.058871835990000454,-0.028497790751564223
2025-03-06,-0.07884940778341798,-0.07884940778341842,-0.05926430365061697,-0.018512750194870753
2025-03-07,-0.07749576988155671,-0.07749576988155704,-0.057711447707631036,-0.015694553386591092
2025-03-10,-0.08291032148900168,-0.08291032148900201,-0.06373569266503731,-0.022514623979188242
2025-03-11,-0.07986463620981388,-0.0798646362098141,-0.05729062422015718,-0.013676581631125506
2025-03-12,-0.08223350253807105,-0.08223350253807138,-0.06076644144293819,-0.017878911582249746
2025-03-13,-0.07783417935702197,-0.0778341793570223,-0.058156216185946685,-0.016306514783278048
2025-03-14,-0.07106598984771573,-0.07106598984771606,-0.02989934784735926,0.0
2025-03-17,-0.07377326565143827,-0.07377326565143849,-0.03449662212514193,-0.00454341381337986
2025-03-18,-0.07952622673434862,-0.07952622673434884,-0.04112492535339374,-0.007657233665119834
2025-03-19,-0.06497461928934012,-0.06497461928934034,-0.03067492332617272,0.0
2025-03-20,-0.06463620981387475,-0.06463620981387508,-0.03595771019886418,-0.015203741226492484
2025-03-21,-0.07275803722504226,-0.0727580372250426,-0.04843224159386195,-0.030344647230234778
2025-03-24,-0.06260575296108295,-0.06260575296108317,-0.038679593141046964,-0.021755976375581243
2025-03-25,-0.0548223350253807,-0.05482233502538092,-0.03215625880362549,-0.018938281063529683
2025-03-26,-0.058206429780033875,-0.0582064297800341,-0.037354694243380226,-0.03175051178432464
2025-03-27,-0.06023688663282567,-0.060236886632826,-0.03601278825214793,-0.025683803395595062
2025-03-28,-0.05752961082910324,-0.05752961082910357,-0.0357917679760863,-0.02744490515645115
2025-03-31,-0.05888324873096451,-0.058883248730964954,-0.03968375889162523,-0.032580215747814445
2025-04-01,-0.055837563451776595,-0.05583756345177704,-0.038719211865168024,-0.03455488158908471
2025-04-02,-0.058206429780033875,-0.05820642978003421,-0.04240731712409207,-0.03722293645398056
2025-04-03,-0.03891708967851104,-0.038917089678511485,-0.02566475478755803,-0.029469373811165545
2025-04-07,-0.04128595600676821,-0.041285956006768765,-0.03992817032862628,-0.06256571466087402
2025-04-08,-0.016920473773265665,-0.01692047377326611,-0.013010219759906905,-0.04025729019542912
2025-04-09,0.0,0.0,0.0,-0.036472937658576954
2025-04-10,-0.013527223537368793,-0.013527223537368904,-0.006018584536260474,-0.03189110842534604
2025-04-11,-0.012512681772066214,-0.012512681772066436,-0.005421226130504997,-0.03057688657015567
2025-04-14,-0.014203584714237216,-0.01420358471423766,-0.007828628378170777,-0.03224006961762593
2025-04-15,-0.010145417653026678,-0.010145417653027011,-0.0035655037563857572,-0.02596939626278394
2025-04-16,-0.005749070003381762,-0.005749070003382095,0.0,-0.02194655433075776
2025-04-17,-0.012174501183632058,-0.01217450118363228,-0.003228691252950888,-0.02148754076791637
2025-04-18,0.0,0.0,0.0,-0.015956632328286813
2025-04-21,-0.009127789046653234,-0.009127789046653123,-0.010799587930559906,-0.025941519731591978
2025-04-22,-0.008451656524678941,-0.00845165652467883,-0.011779699957511935,-0.027210242649137295
2025-04-23,-0.012846517917511902,-0.01284651791751168,-0.013809292718520716,-0.02679232352926031
2025-04-24,-0.0040567951318458695,-0.004056795131845536,-0.007227812551288015,-0.021072094691154564
2025-04-25,-0.0020283975659229903,-0.002028397565922768,-0.007335724510623698,-0.022281852717961903
2025-04-28,0.0,0.0,-0.005025565550753619,-0.02265695027922654
2025-04-29,-0.008748317631224745,-0.008748317631224745,-0.010305886563822475,-0.026242069982357896
2025-04-30,-0.007402422611036297,-0.007402422611036408,-0.004812891378133122,-0.025987576754599284
2025-05-06,-0.01816958277254377,-0.01816958277254388,-0.010851843105769032,-0.024732338025902356
2025-05-07,-0.012449528936742893,-0.012449528936743115,-0.006729006040190222,-0.019256393017010542
2025-05-08,-0.01379542395693134,-0.013795423956931452,-0.0046404503236479044,-0.010233360838439065
2025-05-09,-0.005720053835800876,-0.005720053835800987,0.0,-0.004772123138086504
2025-05-12,-0.006056527590847849,-0.006056527590848071,0.0,0.0
2025-05-13,0.0,0.0,0.0,0.0
2025-05-14,0.0,0.0,0.0,0.0
2025-05-15,0.0,0.0,0.0,0.0
2025-05-16,-0.008237232289950436,-0.008237232289950658,-0.007988749382958016,-0.010435242038543735
2025-05-19,0.0,0.0,-0.004451752780861518,-0.014898205496879924
2025-05-20,0.0,0.0,0.0,-0.006646975078050565
2025-05-21,0.0,0.0,0.0,-0.007169317924718643
2025-05-22,0.0,0.0,0.0,-0.002041018157128871
2025-05-23,-0.01740251369642276,-0.017402513696422983,-0.011861527245548453,-0.010512049264745249
2025-05-26,-0.02223654527876251,-0.02223654527876251,-0.016303202271827022,-0.013593737124989791
2025-05-27,-0.02481469545601034,-0.024814695456010227,-0.019464442251101333,-0.016185348315933767
2025-05-28,-0.016113438607799013,-0.01611343860779857,-0.012799141431061978,-0.01373594351050178
2025-05-29,-0.02384788913954239,-0.023847889139542167,-0.0207218637005403,-0.018627797169540883
2025-05-30,-0.026748308088946238,-0.026748308088946016,-0.024962873168007826,-0.023275831133406588
2025-06-03,-0.028359651949726006,-0.028359651949725895,-0.02517346030787304,-0.019008353531098865
2025-06-04,-0.03673864002578153,-0.03673864002578131,-0.030123748671245676,-0.02037342085062932
2025-06-05,-0.03963905897518527,-0.03963905897518505,-0.033363049912649934,-0.02072032687753589
2025-06-06,-0.033515952304221774,-0.03351595230422155,-0.03869462407678648,-0.032106003022398966
2025-06-09,-0.033838221076377684,-0.03383822107637746,-0.03994518498599042,-0.03214157526317618
2025-06-10,-0.032226877215597804,-0.032226877215597693,-0.04142298829335622,-0.03568602702333079
2025-06-11,-0.027392845633258278,-0.027392845633258056,-0.03791498809018268,-0.028332170271715307
2025-06-12,-0.027070576861102147,-0.027070576861101925,-0.04125147889454206,-0.03169101695113896
2025-06-13,-0.013213019658395275,-0.013213019658394831,-0.03725795853357006,-0.036008591037534954
2025-06-16,-0.01836932001289071,-0.01836932001289049,-0.03991832484208002,-0.03523833055783343
2025-06-17,-0.011601675797615174,-0.011601675797614952,-0.03503293922699424,-0.032677062104148225
2025-06-18,-0.010312600708991204,-0.010312600708990982,-0.03547870047182644,-0.03577505426043737
2025-06-19,-0.009990331936835295,-0.009990331936835073,-0.036655266344343795,-0.040138856122382105
2025-06-20,-0.02030293264582672,-0.020302932645826388,-0.04101975205038466,-0.03325394543671911
2025-06-23,-0.012246213341927215,-0.01224621334192677,-0.038813141567481724,-0.03289505256744152
2025-06-24,-0.014502094747018912,-0.014502094747018579,-0.03728753625265169,-0.02226883720321504
2025-06-25,-0.004834031582339748,-0.004834031582339193,-0.03018591585134034,-0.01293575025947924
2025-06-26,0.0,0.0,-0.02556543076965101,-0.011454813755693238
2025-06-27,-0.028608164577306416,-0.028608164577306305,-0.04686713186703295,-0.029013628988115325
2025-06-30,-0.03117968498874979,-0.031179684988749345,-0.04827151158715348,-0.03509626609184746
2025-07-01,-0.023786563805850203,-0.02378656380584998,-0.04494191856452301,-0.032817213582158056
2025-07-02,-0.02764384442301515,-0.02764384442301493,-0.045548729089198825,-0.029727319057859747
2025-07-03,-0.03278688524590179,-0.032786885245901565,-0.04871383349931935,-0.031581078390609085
2025-07-04,-0.030536804885888835,-0.030536804885888613,-0.04607761595970994,-0.02550096725587092
2025-07-07,-0.02732240437158484,-0.027322404371584397,-0.04754799145359678,-0.02918483901928437
2025-07-08,-0.03825136612021873,-0.03825136612021829,-0.052541998503512266,-0.027974017105131366
2025-07-09,-0.0363227258116362,-0.03632272581163598,-0.050340782213607715,-0.029684033700548507
2025-07-10,-0.038894246223079465,-0.03889424622307924,-0.050246909201737244,-0.02052929286252414
2025-07-11,-0.02282224365155916,-0.022822243651558938,-0.04253929401249967,-0.025541711000036105
2025-07-14,-0.016072002571520527,-0.016072002571520305,-0.04002715138712576,-0.02683914672982579
2025-07-15,-0.020250723240115787,-0.020250723240115676,-0.04490289299969441,-0.033251050534518045
2025-07-16,-0.024750883960141468,-0.024750883960141468,-0.04690562274511145,-0.034530985807922576
2025-07-17,-0.030536804885888835,-0.030536804885888835,-0.046515958780248945,-0.03141779151926882
2025-07-18,-0.051751848280295776,-0.051751848280295776,-0.0575309500097525,-0.03193761119648797
2025-07-21,-0.051430408228865354,-0.051430408228865354,-0.056226004991394074,-0.03068831809146999
2025-07-22,-0.05625200900032157,-0.05625200900032157,-0.05586995518936555,-0.02875490322149632
2025-07-23,-0.062037929926068824,-0.062037929926068824,-0.058719985923093465,-0.023866948110478625
2025-07-24,-0.06975249116039861,-0.06975249116039872,-0.06250812188621868,-0.022584915439755826
2025-07-25,-0.0758598521375764,-0.07585985213757651,-0.0723014531063284,-0.033574893734653055
2025-07-28,-0.07939569270331093,-0.07939569270331093,-0.07708963333950791,-0.03217196644555054
2025-07-29,-0.07971713275474124,-0.07971713275474135,-0.07876507654169296,-0.03689913938537037
2025-07-30,-0.07746705239472851,-0.0774670523947284,-0.07396037726325222,-0.02733891438938274
2025-07-31,-0.10511089681774355,-0.10511089681774344,-0.09667811451779473,-0.04638448158894959
2025-08-01,-0.10028929604628734,-0.10028929604628745,-0.09358306767981783,-0.04713717176987475
2025-08-04,-0.09546769527483134,-0.09546769527483112,-0.09005446357663494,-0.043962663245053824
2025-08-05,-0.09675345548055292,-0.09675345548055281,-0.08925733254843815,-0.03802436225254335
2025-08-06,-0.10093217614914818,-0.10093217614914829,-0.09228005897717573,-0.040107925625738505
2025-08-07,-0.0980392156862746,-0.09803921568627472,-0.09057710106499695,-0.04015393323415806
2025-08-08,-0.1044680167148827,-0.10446801671488282,-0.09690131683019954,-0.04733310641492072
2025-08-11,-0.10993249758919965,-0.10993249758919965,-0.09685623897348905,-0.045456928048937306
2025-08-12,-0.10768241722918681,-0.1076824172291867,-0.09686291027816174,-0.046237092546489555
2025-08-13,-0.11186113789778218,-0.11186113789778207,-0.10154720215551638,-0.05176498820644482
2025-08-14,-0.1108968177434908,-0.11089681774349092,-0.10160882115274816,-0.04825112765329287
2025-08-15,-0.11186113789778218,-0.11186113789778218,-0.10339379086801337,-0.050904752985440505
2025-08-18,-0.11153969784635165,-0.11153969784635176,-0.10212996902426352,-0.050239101184591406
2025-08-19,-0.11186113789778218,-0.11186113789778229,-0.10146243320580539,-0.05310420574703367
2025-08-20,-0.10993249758919965,-0.10993249758919976,-0.09760700184274484,-0.04590051057388744
2025-08-21,-0.10478945676631313,-0.10478945676631324,-0.09347347461836442,-0.04233575719388438
2025-08-22,-0.1041465766634524,-0.10414657666345262,-0.09147496406167788,-0.03787361549026835
2025-08-25,-0.08871745419479271,-0.08871745419479282,-0.07583366005268055,-0.023452767242290506
2025-08-26,-0.0900032144005144,-0.09000321440051451,-0.07692599990818005,-0.02685684610981065
2025-08-27,-0.10125361620057871,-0.10125361620057871,-0.09074828394444667,-0.04546129426906953
2025-08-28,-0.1041465766634524,-0.1041465766634524,-0.09346048346596914,-0.04675094250248468
2025-08-29,-0.09707489553198334,-0.09707489553198334,-0.08081118903376572,-0.031747253272226716
2025-09-01,-0.10671809707489566,-0.10671809707489566,-0.08992054916721037,-0.044898405977121136
2025-09-02,-0.09321761491481839,-0.0932176149148185,-0.07842578849547444,-0.03297889971620982
2025-09-03,-0.10125361620057871,-0.10125361620057871,-0.08707689292427978,-0.04378791768118173
2025-09-04,-0.09257473481195755,-0.09257473481195766,-0.08075193495301569,-0.04150535325260085
2025-09-05,-0.09771777563484418,-0.09771777563484407,-0.08319311502355797,-0.041067517700241196
2025-09-08,-0.09514625522340092,-0.09514625522340103,-0.07998995964713462,-0.04010177138114235
2025-09-09,-0.0996464159434266,-0.0996464159434266,-0.08010102029403587,-0.03538455047878897
2025-09-10,-0.0996464159434266,-0.0996464159434266,-0.07904691468178915,-0.03374888948353727
2025-09-11,-0.09996785599485702,-0.09996785599485702,-0.07717958425727967,-0.027570896215173835
2025-09-12,-0.10221793635486986,-0.10221793635486998,-0.08271065090828833,-0.03895780862764198
2025-09-15,-0.10639665702346512,-0.10639665702346535,-0.08590390469223175,-0.04271479522294963
2025-09-16,-0.10864673738347796,-0.1086467373834783,-0.09007688088825716,-0.05062726039866272
2025-09-17,-0.10961105753776934,-0.10961105753776956,-0.09133505006053022,-0.05183843508991193
2025-09-18,-0.12214721954355512,-0.12214721954355545,-0.10443925461075643,-0.0683972719602094
2025-09-19,-0.12568306010928976,-0.12568306010928998,-0.1068489562683067,-0.06938010260166083
2025-09-22,-0.1282545805207329,-0.12825458052073324,-0.11078385706168248,-0.07298336029292096
2025-09-23,-0.12182577949212481,-0.12182577949212503,-0.10754368338229847,-0.07109920069100151
2025-09-24,-0.12407585985213765,-0.12407585985213787,-0.10955462101686475,-0.07218403086272429
2025-09-25,-0.12279009964641596,-0.1227900996464163,-0.11201375002723768,-0.07819313448990362
2025-09-26,-0.1170041787206686,-0.11700417872066893,-0.10710305823050337,-0.07516248762196531
2025-09-29,-0.12246865959498565,-0.12246865959498587,-0.1085938233650735,-0.07134666245936305
2025-09-30,-0.12407585985213765,-0.12407585985213787,-0.11097425743360434,-0.07743401870074273
2025-10-09,-0.11025393764063007,-0.1102539376406303,-0.1010042447790781,-0.0736760893074826
2025-10-10,-0.10864673738347796,-0.1086467373834783,-0.10012809973505621,-0.07241711042040555
2025-10-13,-0.10671809707489566,-0.10671809707489588,-0.10115872526359304,-0.07654676726260412
2025-10-14,-0.10028929604628734,-0.10028929604628767,-0.09198525487037357,-0.060217138416234994
2025-10-15,-0.10221793635486986,-0.10221793635486998,-0.09211559966984617,-0.053949945759753204
2025-10-16,-0.0948248151719705,-0.0948248151719705,-0.08389001035760557,-0.045684147257376684
2025-10-17,-0.0964320154291225,-0.09643201542912272,-0.09073331341328128,-0.05700653056410754
2025-10-20,-0.09836065573770503,-0.09836065573770503,-0.09114975373675693,-0.054931314285675215
2025-10-21,-0.10286081645773071,-0.10286081645773082,-0.09332400498511983,-0.05258309779524162
2025-10-22,-0.09868209578913534,-0.09868209578913545,-0.09197386999741552,-0.05297918977689753
2025-10-23,-0.09257473481195755,-0.09257473481195766,-0.08624620716580744,-0.046590344723642874
2025-10-24,-0.09386049501767924,-0.09386049501767935,-0.08960245469643147,-0.05395588591882361
2025-10-27,-0.09032465445194471,-0.09032465445194493,-0.08793432453103012,-0.05561599946522189
2025-10-28,-0.0851816136290583,-0.0851816136290584,-0.08506050596638748,-0.054832863255717235
2025-10-29,-0.09064609450337524,-0.09064609450337535,-0.09114961816434453,-0.05817663771395065
2025-10-30,-0.08486017357762776,-0.0848601735776281,-0.08654258412678473,-0.05538140061611141
2025-10-31,-0.09675345548055292,-0.09675345548055314,-0.09367488863303763,-0.06112132436627504
2025-11-03,-0.0900032144005144,-0.09000321440051462,-0.08777377360288063,-0.0530971829711917
2025-11-04,-0.0806814529090325,-0.08068145290903272,-0.08343998143505404,-0.04699588992483228
2025-11-05,-0.08646737383477987,-0.08646737383477998,-0.08708515560364938,-0.051053431430901575
2025-11-06,-0.08389585342333661,-0.08389585342333683,-0.0846288442418307,-0.04886905836909072
2025-11-07,-0.08325297332047576,-0.08325297332047599,-0.08382163347173743,-0.047753479255218556
2025-11-10,-0.08293153326904545,-0.08293153326904568,-0.07484916002041342,-0.034731499911686115
2025-11-11,-0.08003857280617177,-0.08003857280617199,-0.07264764438607751,-0.03325415481587224
2025-11-12,-0.08036001285760208,-0.08036001285760241,-0.07154023292696743,-0.0290429756902455
2025-11-13,-0.08582449373191903,-0.08582449373191936,-0.07362151275230977,-0.024805585166955524
2025-11-14,-0.08903889424622313,-0.08903889424622347,-0.07824658836593845,-0.029445111468089924
2025-11-17,-0.0948248151719705,-0.09482481517197072,-0.07986932356441445,-0.03256996819667424
2025-11-18,-0.09514625522340092,-0.09514625522340125,-0.07405550261110583,-0.025182985165536853
2025-11-19,-0.09257473481195755,-0.09257473481195777,-0.07221830687667519,-0.020893311559570527
2025-11-20,-0.09546769527483134,-0.09546769527483145,-0.07541325870438953,-0.02373450761485052
2025-11-21,-0.0948248151719705,-0.09482481517197061,-0.07692099314175149,-0.030878803369561947
2025-11-24,-0.09386049501767924,-0.09386049501767924,-0.0791480130604525,-0.03721313294930351
2025-11-25,-0.09900353584056587,-0.09900353584056587,-0.08111426079275696,-0.03128709541779506
2025-11-26,-0.10189649630343955,-0.10189649630343955,-0.08240649570386682,-0.03016286938095758
2025-11-27,-0.09707489553198334,-0.09707489553198345,-0.08027846137430006,-0.03193004336265848
2025-11-28,-0.10061073609771787,-0.10061073609771798,-0.08064938079205197,-0.03227860695209683
2025-12-01,-0.09771777563484418,-0.0977177756348443,-0.07827481527967495,-0.030633332900881105
2025-12-02,-0.0916104146576664,-0.0916104146576665,-0.0760479816753169,-0.031156359127813005
2025-12-03,-0.09128897460623608,-0.09128897460623608,-0.07734438005957045,-0.03568667370586265
2025-12-04,-0.09225329476052724,-0.09225329476052735,-0.07977963400158428,-0.03682452507167666
2025-12-05,-0.09771777563484418,-0.09771777563484418,-0.08278980105017153,-0.025290505110202033
2025-12-08,-0.1041465766634524,-0.1041465766634524,-0.08875126941615208,-0.025603275516157153
2025-12-09,-0.10093217614914818,-0.10093217614914829,-0.08899432462723256,-0.03136142154315846
2025-12-10,-0.10350369656059155,-0.10350369656059155,-0.0928938098899258,-0.038736482355983815
2025-12-11,-0.1044680167148827,-0.10446801671488282,-0.0935418704656652,-0.038981837654153195
2025-12-12,-0.09868209578913534,-0.09868209578913545,-0.08724868763461124,-0.029943971648410672
2025-12-15,-0.09868209578913534,-0.09868209578913545,-0.0859395093256945,-0.01843251659143852
2025-12-16,-0.10093217614914818,-0.10093217614914829,-0.08720640508779876,-0.019359921611160735
2025-12-17,-0.10253937640630029,-0.1025393764063004,-0.08786009165055964,-0.016629988074570057
2025-12-18,-0.09739633558341376,-0.0973963355834141,-0.08325226279949194,-0.009646173709709882
2025-12-19,-0.10478945676631313,-0.10478945676631335,-0.08926174060049441,-0.013792989645064813
2025-12-22,-0.11475409836065575,-0.11475409836065609,-0.09642857905598734,-0.018408555574008112
2025-12-23,-0.1089681774349085,-0.10896817743490883,-0.0935482465156181,-0.014948996979647244
2025-12-24,-0.11153969784635165,-0.11153969784635198,-0.09622816102377829,-0.018512221142070406
2025-12-25,-0.11153969784635165,-0.11153969784635198,-0.09322415295148556,-0.009679120541846054
2025-12-26,-0.11153969784635165,-0.11153969784635198,-0.09384877376465905,-0.009735170461626419
2025-12-29,-0.1153969784635166,-0.11539697846351693,-0.09857013493704281,-0.016614326545518865
2025-12-30,-0.12182577949212481,-0.12182577949212514,-0.10443330340082835,-0.02210634974801806
2025-12-31,-0.12600450016072007,-0.1260045001607204,-0.10901148205867495,-0.027385036535852114
